Fragment, Score
*C, 0.010649572707678514
*N*, 0.00922635826980152
*C*, 0.00846685286491197
*O*, 0.007712408373129049
*C(*)=O, 0.006456643513624795
*c1ccc(*)cc1, 0.006064540615089188
*NC(*)=O, 0.005477153489777602
*CO*, 0.0052758985868338135
*Nc1ccc(*)cc1, 0.005238671353624049
*F, 0.0050291743123216815
*C(*)(*)*, 0.0049780770690338386
*Nc1ccc(O*)cc1, 0.0038553698497642832
*Oc1ccc(*)cc1, 0.0038553698497642832
*C(=O)Nc1ccc(*)cc1, 0.0036041557088881144
*C(*)*, 0.003513205439001208
*OC, 0.0033333366690093116
*CC*, 0.0032548451918279994
*CCO*, 0.0032548451918279994
*c1ccc(*)c(*)c1, 0.0031925084867023045
*O, 0.0030886886020500344
*C(*)(F)F, 0.002881777628391784
*C(F)(F)F, 0.002881777628391784
*C(*)(*)F, 0.002881777628391784
*Cl, 0.002802760784956367
*Nc1nc(*)ncc1*, 0.002717311647552945
*Nc1ncc(*)c(N*)n1, 0.002717311647552945
*c1ncc(*)c(*)n1, 0.002717311647552945
*Nc1ncc(*)c(*)n1, 0.002717311647552945
*N, 0.0026984489864974397
*CN1CCOCC1, 0.002667120617255869
*N1CCOCC1, 0.002667120617255869
*S(*)(=O)=O, 0.0025616223748576848
*CC(*)*, 0.002446831384770289
*C(*)(*)C, 0.002257405652008183
*C(C)(C)C, 0.002257405652008183
*C(*)(C)C, 0.0022574056520081828
*Oc1ccc(NC(*)=O)cc1, 0.0022207418840602716
*NC(=O)N*, 0.0019991993925951774
*N(*)C, 0.0018865442025771746
*N(*)*, 0.0018865442025771746
*C(*)O, 0.0018760986096800112
*CC(*)C*, 0.0018760986096800112
*CC(O)C*, 0.0018760986096800112
*CCN1CCOCC1, 0.0018435852428415282
*c1ccc(Cl)c(*)c1, 0.0018411685021708663
*CN*, 0.0018189816399382377
*C(=O)Nc1ccc(*)c(*)c1, 0.0018063862562972843
*Nc1ccc(*)c(*)c1, 0.001806386256297284
*C=C1C(=O)Nc2ccc(*)cc21, 0.001803729411946627
*/C=C1\C(=O)Nc2ccc(*)cc21, 0.001803729411946627
*COc1ccc(*)cc1, 0.0017958627481784127
*COc1ccc(N*)cc1, 0.0017958627481784127
*N1CCN(*)CC1, 0.0017877779088086648
*CCCO*, 0.0016856508072090595
*CCC*, 0.0016856508072090595
*c1ccc(Cl)cc1*, 0.0015470753190077462
*c1cccc(*)c1, 0.0015088224613948077
*C(=O)OCC(=O)Nc1ccc(*)cc1, 0.0012906384918198507
*NC(=O)COC(=O)c1ccc2ncsc2c1, 0.0012906384918198507
*NC(=O)COC(*)=O, 0.0012906384918198507
*C(=O)c1ccc2ncsc2c1, 0.0012906384918198507
*C(=O)COC(=O)c1ccc2ncsc2c1, 0.0012906384918198507
*COC(*)=O, 0.0012906384918198507
*CC(=O)N*, 0.0012906384918198507
*CC(*)=O, 0.0012906384918198507
*COC(=O)c1ccc2ncsc2c1, 0.0012906384918198507
*OCC(*)=O, 0.0012906384918198507
*OC(=O)c1ccc2ncsc2c1, 0.0012906384918198507
*OCC(=O)Nc1ccc(*)cc1, 0.0012906384918198507
*C(=O)COC(*)=O, 0.0012906384918198507
*CC(=O)Nc1ccc(*)cc1, 0.0012906384918198507
*OC(*)=O, 0.0012906384918198507
*NC(=O)CO*, 0.0012906384918198507
*c1ccc2ncsc2c1, 0.0012906384918198507
*NC, 0.0012485287234931394
*C(C)C, 0.0012260030841356093
*C(*)C, 0.001226003084135609
*NS(*)(=O)=O, 0.0011743891456547787
*c1cnc(Nc2cc(*)c(OC)c(*)c2)nc1*, 0.0011397555603846574
*c1ncc([N+](*)=O)c(Nc2ccccc2*)n1, 0.0011397555603846574
*Oc1c(*)cc(Nc2ncc([N+](*)=O)c(*)n2)cc1OC, 0.0011397555603846574
*Nc1cc(O*)c(OC)c(OC)c1, 0.0011397555603846574
*Nc1cc(*)c(*)c(O*)c1, 0.0011397555603846574
*c1ncc([N+](=O)[O-])c(Nc2ccccc2*)n1, 0.0011397555603846574
*Nc1nc(Nc2cc(O*)c(OC)c(O*)c2)ncc1*, 0.0011397555603846574
*Nc1nc(Nc2cc(*)c(OC)c(OC)c2)ncc1*, 0.0011397555603846574
*Nc1nc(Nc2cc(O*)c(O*)c(OC)c2)ncc1*, 0.0011397555603846574
*Nc1cc(*)c(O*)c(O*)c1, 0.0011397555603846574
*Oc1cc(*)cc(O*)c1OC, 0.0011397555603846574
*Nc1cc(*)c(*)c(*)c1, 0.0011397555603846574
*c1cc(Nc2ncc([N+](*)=O)c(*)n2)cc(OC)c1*, 0.0011397555603846574
*c1cc(*)c(*)c(*)c1, 0.0011397555603846574
*Oc1cc(Nc2ncc([N+](*)=O)c(*)n2)cc(O*)c1*, 0.0011397555603846574
*Oc1cc(Nc2ncc(*)c(*)n2)cc(O*)c1OC, 0.0011397555603846574
*Oc1cc(Nc2ncc([N+](*)=O)c(*)n2)cc(*)c1OC, 0.0011397555603846574
*Nc1ncc(*)c(Nc2ccccc2*)n1, 0.0011397555603846574
*c1ccccc1C(N)=O, 0.0011397555603846574
*Nc1nc(Nc2cc(OC)c(*)c(OC)c2)ncc1*, 0.0011397555603846574
*Oc1cc(Nc2ncc([N+](=O)[O-])c(*)n2)cc(O*)c1*, 0.0011397555603846574
*c1ncc([N+](*)=O)c(Nc2ccccc2C(N)=O)n1, 0.0011397555603846574
*Nc1cc(*)c(OC)c(O*)c1, 0.0011397555603846574
*Nc1nc(Nc2cc(*)c(*)c(O*)c2)ncc1[N+](=O)[O-], 0.0011397555603846574
*Nc1ncc([N+](*)=O)c(N*)n1, 0.0011397555603846574
*[N+](*)=O, 0.0011397555603846574
*Nc1cc(O*)c(OC)c(O*)c1, 0.0011397555603846574
*Nc1nc(Nc2cc(O*)c(*)c(O*)c2)ncc1[N+](*)=O, 0.0011397555603846574
*Oc1c(*)cc(Nc2ncc([N+](*)=O)c(*)n2)cc1*, 0.0011397555603846574
*Nc1ncc([N+](*)=O)c(*)n1, 0.0011397555603846574
*Nc1nc(Nc2cc(*)c(O*)c(O*)c2)ncc1[N+](*)=O, 0.0011397555603846574
*Nc1nc(Nc2cc(*)c(*)c(O*)c2)ncc1[N+](*)=O, 0.0011397555603846574
*Nc1nc(Nc2cc(*)c(O*)c(OC)c2)ncc1*, 0.0011397555603846574
*Oc1cc(Nc2ncc(*)c(*)n2)cc(*)c1O*, 0.0011397555603846574
*Oc1cc(Nc2ncc(*)c(*)n2)cc(OC)c1OC, 0.0011397555603846574
*Nc1nc(Nc2cc(*)c(*)c(OC)c2)ncc1[N+](*)=O, 0.0011397555603846574
*Oc1cc(*)cc(OC)c1OC, 0.0011397555603846574
*Nc1cc(O*)c(*)c(O*)c1, 0.0011397555603846574
*c1ncc([N+](*)=O)c(*)n1, 0.0011397555603846574
*c1cc(Nc2ncc([N+](=O)[O-])c(*)n2)cc(*)c1*, 0.0011397555603846574
*c1cc(*)c(*)c(OC)c1, 0.0011397555603846574
*c1cc(OC)c(*)c(OC)c1, 0.0011397555603846574
*Nc1ncc([N+](=O)[O-])c(Nc2ccccc2*)n1, 0.0011397555603846574
*Oc1cc(Nc2ncc(*)c(*)n2)cc(O*)c1O*, 0.0011397555603846574
*Oc1c(OC)cc(Nc2ncc(*)c(*)n2)cc1OC, 0.0011397555603846574
*Oc1c(*)cc(Nc2ncc([N+](=O)[O-])c(*)n2)cc1*, 0.0011397555603846574
*Oc1c(*)cc(*)cc1*, 0.0011397555603846574
*Nc1ncc([N+](=O)[O-])c(N*)n1, 0.0011397555603846574
*Nc1nc(Nc2cc(*)c(*)c(*)c2)ncc1[N+](*)=O, 0.0011397555603846574
*Nc1ccccc1C(*)=O, 0.0011397555603846574
*Oc1cc(Nc2ncc(*)c(*)n2)cc(*)c1*, 0.0011397555603846574
*Nc1cc(O*)c(*)c(OC)c1, 0.0011397555603846574
*Nc1nc(Nc2cc(O*)c(O*)c(O*)c2)ncc1*, 0.0011397555603846574
*Nc1ccccc1C(N)=O, 0.0011397555603846574
*c1cc(*)c(OC)c(*)c1, 0.0011397555603846574
*Nc1nc(Nc2cc(*)c(*)c(*)c2)ncc1*, 0.0011397555603846574
*c1cnc(Nc2cc(*)c(*)c(OC)c2)nc1*, 0.0011397555603846574
*Oc1cc(*)cc(O*)c1O*, 0.0011397555603846574
*Oc1cc(*)cc(*)c1OC, 0.0011397555603846574
*c1cnc(Nc2cc(*)c(*)c(*)c2)nc1*, 0.0011397555603846574
*Oc1cc(Nc2ncc([N+](*)=O)c(*)n2)cc(*)c1O*, 0.0011397555603846574
*c1ncc(*)c(Nc2ccccc2C(N)=O)n1, 0.0011397555603846574
*Nc1cc(OC)c(O*)c(OC)c1, 0.0011397555603846574
*Oc1c(*)cc(Nc2ncc(*)c(*)n2)cc1*, 0.0011397555603846574
*Nc1cc(*)c(OC)c(*)c1, 0.0011397555603846574
*Nc1ncc([N+](=O)[O-])c(*)n1, 0.0011397555603846574
*Nc1nc(*)ncc1[N+](=O)[O-], 0.0011397555603846574
*Nc1ncc(*)c(Nc2ccccc2C(N)=O)n1, 0.0011397555603846574
*c1cc(*)c(OC)c(OC)c1, 0.0011397555603846574
*Oc1cc(*)cc(*)c1O*, 0.0011397555603846574
*Oc1cc(Nc2ncc([N+](*)=O)c(*)n2)cc(*)c1*, 0.0011397555603846574
*Nc1cc(*)c(O*)c(*)c1, 0.0011397555603846574
*Nc1ccccc1*, 0.0011397555603846574
*Nc1ncc([N+](*)=O)c(Nc2ccccc2*)n1, 0.0011397555603846574
*Nc1nc(Nc2cc(*)c(O*)c(*)c2)ncc1*, 0.0011397555603846574
*C(=O)c1ccccc1Nc1nc(*)ncc1[N+](=O)[O-], 0.0011397555603846574
*Oc1cc(Nc2ncc(*)c(*)n2)cc(OC)c1*, 0.0011397555603846574
*Oc1c(*)cc(*)cc1OC, 0.0011397555603846574
*C(N)=O, 0.0011397555603846574
*c1cc(Nc2ncc([N+](*)=O)c(*)n2)cc(*)c1*, 0.0011397555603846574
*Oc1cc(Nc2ncc(*)c(*)n2)cc(*)c1OC, 0.0011397555603846574
*Nc1nc(Nc2cc(*)c(*)c(O*)c2)ncc1*, 0.0011397555603846574
*C(=O)c1ccccc1Nc1nc(*)ncc1[N+](*)=O, 0.0011397555603846574
*Nc1nc(Nc2cc(*)c(OC)c(O*)c2)ncc1*, 0.0011397555603846574
*c1cc(OC)c(OC)c(OC)c1, 0.0011397555603846574
*Nc1cc(*)c(*)c(OC)c1, 0.0011397555603846574
*Nc1cc(O*)c(O*)c(OC)c1, 0.0011397555603846574
*Oc1cc(Nc2ncc([N+](=O)[O-])c(*)n2)cc(*)c1*, 0.0011397555603846574
*Nc1nc(Nc2cc(*)c(O*)c(*)c2)ncc1[N+](*)=O, 0.0011397555603846574
*[N+](=O)[O-], 0.0011397555603846574
*Nc1cc(OC)c(OC)c(OC)c1, 0.0011397555603846574
*Nc1nc(Nc2cc(*)c(OC)c(*)c2)ncc1[N+](*)=O, 0.0011397555603846574
*[O-], 0.0011397555603846574
*Nc1ncc(*)c(Nc2ccccc2C(*)=O)n1, 0.0011397555603846574
*Oc1cc(*)cc(OC)c1*, 0.0011397555603846574
*Nc1cc(*)c(OC)c(OC)c1, 0.0011397555603846574
*C(=O)c1ccccc1*, 0.0011397555603846574
*Oc1cc(*)cc(OC)c1O*, 0.0011397555603846574
*Nc1ncc([N+](*)=O)c(Nc2ccccc2C(*)=O)n1, 0.0011397555603846574
*Oc1cc(Nc2ncc([N+](*)=O)c(*)n2)cc(O*)c1O*, 0.0011397555603846574
*c1ncc(*)c(Nc2ccccc2*)n1, 0.0011397555603846574
*Oc1cc(Nc2ncc(*)c(*)n2)cc(OC)c1O*, 0.0011397555603846574
*Nc1cc(O*)c(O*)c(O*)c1, 0.0011397555603846574
*Nc1nc(Nc2cc(*)c(*)c(*)c2)ncc1[N+](=O)[O-], 0.0011397555603846574
*Oc1c(OC)cc(*)cc1OC, 0.0011397555603846574
*Oc1cc(*)cc(*)c1*, 0.0011397555603846574
*Oc1cc(Nc2ncc(*)c(*)n2)cc(O*)c1*, 0.0011397555603846574
*Nc1cc(*)c(O*)c(OC)c1, 0.0011397555603846574
*C(=O)c1ccccc1Nc1nc(*)ncc1*, 0.0011397555603846574
*Nc1nc(Nc2cc(*)c(*)c(OC)c2)ncc1*, 0.0011397555603846574
*Nc1nc(Nc2cc(O*)c(*)c(O*)c2)ncc1*, 0.0011397555603846574
*Nc1nc(*)ncc1[N+](*)=O, 0.0011397555603846574
*Oc1c(*)cc(Nc2ncc(*)c(*)n2)cc1OC, 0.0011397555603846574
*Nc1cc(OC)c(*)c(OC)c1, 0.0011397555603846574
*c1cc(Nc2ncc([N+](*)=O)c(*)n2)cc(*)c1OC, 0.0011397555603846574
*Nc1nc(Nc2cc(*)c(O*)c(O*)c2)ncc1*, 0.0011397555603846574
*Nc1nc(Nc2cc(*)c(OC)c(*)c2)ncc1*, 0.0011397555603846574
*c1cc(Nc2ncc([N+](=O)[O-])c(*)n2)cc(OC)c1*, 0.0011397555603846574
*Nc1nc(Nc2cc(*)c(O*)c(*)c2)ncc1[N+](=O)[O-], 0.0011397555603846574
*c1cnc(Nc2cc(OC)c(*)c(OC)c2)nc1*, 0.0011397555603846574
*c1ncc([N+](=O)[O-])c(*)n1, 0.0011397555603846574
*c1ccccc1*, 0.0011397555603846574
*Oc1cc(Nc2ncc([N+](*)=O)c(*)n2)cc(OC)c1*, 0.0011397555603846574
*Nc1nc(Nc2cc(O*)c(*)c(OC)c2)ncc1*, 0.0011397555603846574
*Oc1cc(Nc2ncc([N+](=O)[O-])c(*)n2)cc(*)c1O*, 0.0011397555603846574
*Oc1cc(*)cc(O*)c1*, 0.0011397555603846574
*c1cnc(Nc2cc(*)c(OC)c(OC)c2)nc1*, 0.0011397555603846574
*c1cc(Nc2ncc([N+](=O)[O-])c(*)n2)cc(*)c1OC, 0.0011397555603846574
*Nc1cccc(*)c1, 0.0011267785427702488
*c1cnc2c(c1)N(*)CCN2, 0.0011174053359520302
*N1CCN(C)CC1, 0.0011174053359520302
*c1ccc(N2CCN(C)CC2)nc1, 0.0011174053359520302
*c1ccc(N2CCN(*)CC2)nc1, 0.0011174053359520302
*CN1CCNc2ncc(*)cc21, 0.0011174053359520302
*CN1CCNc2ncc(-c3ccc(*)nc3)cc21, 0.0011174053359520302
*c1ccc(*)nc1, 0.0011174053359520302
*c1ccc(-c2cnc3c(c2)N(*)CCN3)cn1, 0.0011174053359520302
*C1CCCC1, 0.0010886369298714286
*Nc1nccc(Nc2cc(*)ccc2Cl)n1, 0.0010526368584011445
*N(C)C, 0.0010526368584011445
*Nc1ccnc(Nc2ccc(OCC(*)*)cc2)n1, 0.0010526368584011445
*CC(O)CN(*)*, 0.0010526368584011445
*c1ccnc(Nc2ccc(OCC(*)CN(*)*)cc2)n1, 0.0010526368584011445
*c1ccc(OCC(*)CN(*)*)cc1, 0.0010526368584011445
*c1ccc(OCC(O)CN(*)*)cc1, 0.0010526368584011445
*Nc1ccc(OCC(*)CN(*)*)cc1, 0.0010526368584011445
*c1cc(Cl)ccc1Cl, 0.0010526368584011445
*c1ccc(OCC(O)CN(*)C)cc1, 0.0010526368584011445
*c1ccnc(Nc2ccc(OCC(*)O)cc2)n1, 0.0010526368584011445
*Nc1ccc(OCC(O)CN(*)C)cc1, 0.0010526368584011445
*c1ccc(OCC(*)CN(C)C)cc1, 0.0010526368584011445
*OCC(*)*, 0.0010526368584011445
*Nc1nccc(*)n1, 0.0010526368584011445
*OCC(O)CN(*)C, 0.0010526368584011445
*C(*)CN(C)C, 0.0010526368584011445
*COc1ccc(Nc2nccc(*)n2)cc1, 0.0010526368584011445
*Nc1ccc(OCC(*)*)cc1, 0.0010526368584011445
*Nc1ccc(OCC(O)CN(*)*)cc1, 0.0010526368584011445
*c1ccnc(Nc2ccc(OCC(*)*)cc2)n1, 0.0010526368584011445
*Nc1ccnc(*)n1, 0.0010526368584011445
*OCC(*)CN(C)C, 0.0010526368584011445
*c1ccc(OCC(O)CN(C)C)cc1, 0.0010526368584011445
*c1nccc(Nc2cc(Cl)ccc2*)n1, 0.0010526368584011445
*CC(*)CN(*)*, 0.0010526368584011445
*CC(O)COc1ccc(*)cc1, 0.0010526368584011445
*CC(*)COc1ccc(Nc2nccc(N*)n2)cc1, 0.0010526368584011445
*C(O)CN(*)C, 0.0010526368584011445
*c1ccc(Cl)c(Nc2ccnc(*)n2)c1, 0.0010526368584011445
*OCC(*)CN(*)C, 0.0010526368584011445
*OCC(*)O, 0.0010526368584011445
*Nc1nccc(Nc2cc(*)ccc2*)n1, 0.0010526368584011445
*c1ccc(OCC(*)CN(*)C)cc1, 0.0010526368584011445
*CN(*)*, 0.0010526368584011445
*CC(*)CN(*)C, 0.0010526368584011445
*CC(*)CN(C)C, 0.0010526368584011445
*Nc1ccnc(N*)n1, 0.0010526368584011445
*c1ccnc(*)n1, 0.0010526368584011445
*c1nccc(Nc2cc(Cl)ccc2Cl)n1, 0.0010526368584011445
*c1ccc(*)c(Nc2ccnc(*)n2)c1, 0.0010526368584011445
*Nc1ccnc(Nc2ccc(O*)cc2)n1, 0.0010526368584011445
*CC(O)CN(*)C, 0.0010526368584011445
*CN(*)C, 0.0010526368584011445
*OCC(O)CN(*)*, 0.0010526368584011445
*c1ccc(OCC(*)*)cc1, 0.0010526368584011445
*Nc1ccnc(Nc2ccc(*)cc2)n1, 0.0010526368584011445
*c1ccc(OCC(*)O)cc1, 0.0010526368584011445
*CC(O)COc1ccc(N*)cc1, 0.0010526368584011445
*Nc1ccnc(Nc2ccc(OCC(*)O)cc2)n1, 0.0010526368584011445
*CC(*)CO*, 0.0010526368584011445
*COc1ccc(Nc2nccc(N*)n2)cc1, 0.0010526368584011445
*CC(*)COc1ccc(N*)cc1, 0.0010526368584011445
*OCC(O)CN(C)C, 0.0010526368584011445
*Nc1cc(*)ccc1*, 0.0010526368584011445
*Oc1ccc(Nc2nccc(*)n2)cc1, 0.0010526368584011445
*Nc1ccc(OCC(*)O)cc1, 0.0010526368584011445
*CC(O)CO*, 0.0010526368584011445
*c1ccc(Nc2nccc(*)n2)cc1, 0.0010526368584011445
*C(O)CN(C)C, 0.0010526368584011445
*Nc1cc(Cl)ccc1Cl, 0.0010526368584011445
*C(*)CN(*)C, 0.0010526368584011445
*Nc1cc(Cl)ccc1*, 0.0010526368584011445
*OCC(*)CN(*)*, 0.0010526368584011445
*CC(O)COc1ccc(Nc2nccc(*)n2)cc1, 0.0010526368584011445
*Nc1cc(*)ccc1Cl, 0.0010526368584011445
*Nc1nccc(Nc2cc(Cl)ccc2*)n1, 0.0010526368584011445
*Nc1ccc(OCC(*)CN(C)C)cc1, 0.0010526368584011445
*CC(*)O, 0.0010526368584011445
*Nc1ccc(OCC(*)CN(*)C)cc1, 0.0010526368584011445
*CN(C)C, 0.0010526368584011445
*CC(*)COc1ccc(Nc2nccc(*)n2)cc1, 0.0010526368584011445
*C(*)CN(*)*, 0.0010526368584011445
*Nc1ccc(OCC(O)CN(C)C)cc1, 0.0010526368584011445
*CC(*)COc1ccc(*)cc1, 0.0010526368584011445
*C(O)CN(*)*, 0.0010526368584011445
*CC(O)CN(C)C, 0.0010526368584011445
*CCOc1cc2nccc(O*)c2cc1*, 0.0010178335168595962
*CCOc1cc2nccc(*)c2cc1*, 0.0010178335168595962
*Oc1ccc(*)cc1F, 0.0010178335168595962
*Oc1ccc(*)cc1*, 0.0010178335168595962
*Oc1cc2nccc(Oc3ccc(*)cc3*)c2cc1*, 0.0010178335168595962
*c1ccc(Oc2ccnc3cc(*)c(*)cc23)c(*)c1, 0.0010178335168595962
*Oc1cc2c(Oc3ccc(*)cc3*)ccnc2cc1*, 0.0010178335168595962
*Nc1ccc(*)c(F)c1, 0.0010178335168595962
*OCCCN1CCOCC1, 0.0010178335168595962
*c1ccc(NC(=O)C2(*)CC2)cc1*, 0.0010178335168595962
*Oc1cc2nccc(O*)c2cc1*, 0.0010178335168595962
*CCOc1cc2nccc(O*)c2cc1O*, 0.0010178335168595962
*COc1cc2nccc(O*)c2cc1*, 0.0010178335168595962
*c1ccc(NC(=O)C2(*)CC2)cc1F, 0.0010178335168595962
*Oc1ccnc2cc(*)c(*)cc12, 0.0010178335168595962
*c1ccc(Oc2ccnc3cc(*)c(*)cc23)c(F)c1, 0.0010178335168595962
*c1cc2nccc(*)c2cc1OC, 0.0010178335168595962
*C(=O)C1(C(=O)Nc2ccc(*)cc2)CC1, 0.0010178335168595962
*CCOc1cc2nccc(*)c2cc1O*, 0.0010178335168595962
*CCCN1CCOCC1, 0.0010178335168595962
*COc1cc2nccc(Oc3ccc(*)cc3*)c2cc1*, 0.0010178335168595962
*Oc1cc2c(*)ccnc2cc1*, 0.0010178335168595962
*NC(=O)C1(C(=O)Nc2ccc(O*)c(*)c2)CC1, 0.0010178335168595962
*c1ccc(Oc2ccnc3cc(*)c(OC)cc23)c(*)c1, 0.0010178335168595962
*Oc1ccc(NC(*)=O)cc1F, 0.0010178335168595962
*CCCOc1cc2nccc(O*)c2cc1OC, 0.0010178335168595962
*Nc1ccc(O*)c(*)c1, 0.0010178335168595962
*Oc1ccc(NC(*)=O)cc1*, 0.0010178335168595962
*Oc1cc2nccc(O*)c2cc1O*, 0.0010178335168595962
*C(=O)C1(C(=O)Nc2ccc(*)c(*)c2)CC1, 0.0010178335168595962
*COc1cc2nccc(O*)c2cc1O*, 0.0010178335168595962
*Nc1ccc(Oc2ccnc3cc(O*)c(*)cc23)c(*)c1, 0.0010178335168595962
*NC(=O)C1(C(=O)N*)CC1, 0.0010178335168595962
*C(=O)Nc1ccc(F)cc1, 0.0010178335168595962
*Oc1cc2nccc(O*)c2cc1OC, 0.0010178335168595962
*c1cc2nccc(*)c2cc1*, 0.0010178335168595962
*CCCOc1cc2nccc(O*)c2cc1*, 0.0010178335168595962
*Oc1cc2nccc(*)c2cc1OC, 0.0010178335168595962
*NC(=O)C1(C(=O)Nc2ccc(O*)c(F)c2)CC1, 0.0010178335168595962
*Oc1cc2nccc(*)c2cc1O*, 0.0010178335168595962
*Nc1ccc(O*)c(F)c1, 0.0010178335168595962
*C(=O)C1(C(=O)Nc2ccc(F)cc2)CC1, 0.0010178335168595962
*CCOc1cc2nccc(O*)c2cc1OC, 0.0010178335168595962
*C(=O)C1(*)CC1, 0.0010178335168595962
*CCCOc1cc2nccc(*)c2cc1O*, 0.0010178335168595962
*C(=O)Nc1ccc(*)c(F)c1, 0.0010178335168595962
*COc1cc2nccc(*)c2cc1OC, 0.0010178335168595962
*NC(=O)C1(C(=O)Nc2ccc(F)cc2)CC1, 0.0010178335168595962
*NC(=O)C1(*)CC1, 0.0010178335168595962
*Oc1cc2nccc(Oc3ccc(*)cc3*)c2cc1O*, 0.0010178335168595962
*C1(C(=O)Nc2ccc(F)cc2)CC1, 0.0010178335168595962
*Oc1ccc(NC(=O)C2(*)CC2)cc1F, 0.0010178335168595962
*Nc1ccc(Oc2ccnc3cc(*)c(*)cc23)c(*)c1, 0.0010178335168595962
*c1ccc(F)cc1, 0.0010178335168595962
*CCCOc1cc2nccc(*)c2cc1OC, 0.0010178335168595962
*NC(=O)C1(C(*)=O)CC1, 0.0010178335168595962
*CCCOc1cc2nccc(O*)c2cc1O*, 0.0010178335168595962
*CCOc1cc2nccc(*)c2cc1OC, 0.0010178335168595962
*Oc1ccc(NC(=O)C2(*)CC2)cc1*, 0.0010178335168595962
*c1ccc(NC(=O)C2(*)CC2)cc1, 0.0010178335168595962
*NC(=O)C1(C(=O)Nc2ccc(*)c(F)c2)CC1, 0.0010178335168595962
*Oc1cc2nccc(*)c2cc1*, 0.0010178335168595962
*NC(=O)C1(C(=O)Nc2ccc(*)cc2)CC1, 0.0010178335168595962
*Nc1ccc(F)cc1, 0.0010178335168595962
*C(=O)C1(C(*)=O)CC1, 0.0010178335168595962
*C1(*)CC1, 0.0010178335168595962
*COc1cc2nccc(O*)c2cc1OC, 0.0010178335168595962
*COc1cc2nccc(*)c2cc1O*, 0.0010178335168595962
*Oc1ccc(NC(=O)C2(C(*)=O)CC2)cc1F, 0.0010178335168595962
*Oc1ccc(NC(=O)C2(C(*)=O)CC2)cc1*, 0.0010178335168595962
*c1ccc(*)c(F)c1, 0.0010178335168595962
*Oc1ccnc2cc(*)c(OC)cc12, 0.0010178335168595962
*COc1cc2nccc(*)c2cc1*, 0.0010178335168595962
*C(=O)C1(C(=O)Nc2ccc(*)c(F)c2)CC1, 0.0010178335168595962
*CCCOc1cc2nccc(*)c2cc1*, 0.0010178335168595962
*Oc1cc2c(O*)ccnc2cc1*, 0.0010178335168595962
*Nc1ccc(Oc2ccnc3cc(*)c(O*)cc23)c(*)c1, 0.0010178335168595962
*NC(=O)C1(C(=O)Nc2ccc(*)c(*)c2)CC1, 0.0010178335168595962
*Nc1ccc2c(c1)CC(=O)N2, 0.0009955066004392042
*CNc1nc(*)ncc1C(F)(F)F, 0.0009955066004392042
*Nc1ncc(C(*)(*)F)c(NCc2cccnc2*)n1, 0.0009955066004392042
*CNc1nc(N*)ncc1C(F)(F)F, 0.0009955066004392042
*c1ncc(C(F)(F)F)c(*)n1, 0.0009955066004392042
*c1cccnc1N(*)S(C)(=O)=O, 0.0009955066004392042
*c1ncc(C(*)(F)F)c(NCc2cccnc2*)n1, 0.0009955066004392042
*Cc1cccnc1N(*)S(*)(=O)=O, 0.0009955066004392042
*NCc1cccnc1N(C)S(C)(=O)=O, 0.0009955066004392042
*c1ncc(*)c(NCc2cccnc2*)n1, 0.0009955066004392042
*NCc1cccnc1N(*)C, 0.0009955066004392042
*NCc1cccnc1N(*)*, 0.0009955066004392042
*N(C)S(C)(=O)=O, 0.0009955066004392042
*Cc1cccnc1*, 0.0009955066004392042
*Nc1ncc(*)c(NCc2cccnc2*)n1, 0.0009955066004392042
*c1cnc(Nc2ccc3c(c2)CC(=O)N3)nc1*, 0.0009955066004392042
*c1ncc(C(*)(*)*)c(NCc2cccnc2*)n1, 0.0009955066004392042
*Nc1ncc(C(*)(*)*)c(N*)n1, 0.0009955066004392042
*Nc1nc(Nc2ccc3c(c2)CC(=O)N3)ncc1*, 0.0009955066004392042
*CNc1nc(*)ncc1C(*)(*)*, 0.0009955066004392042
*c1ncc(*)c(NCc2cccnc2N(*)*)n1, 0.0009955066004392042
*c1ccc2c(c1)CC(=O)N2, 0.0009955066004392042
*c1ncc(C(*)(*)F)c(NCc2cccnc2N(*)C)n1, 0.0009955066004392042
*Nc1ncc(C(*)(F)F)c(NCc2cccnc2*)n1, 0.0009955066004392042
*Nc1ncc(C(*)(*)*)c(NCc2cccnc2*)n1, 0.0009955066004392042
*c1cccnc1N(*)C, 0.0009955066004392042
*c1ncc(C(*)(F)F)c(NCc2cccnc2N(*)*)n1, 0.0009955066004392042
*N(C)S(*)(=O)=O, 0.0009955066004392042
*CNc1nc(*)ncc1C(*)(*)F, 0.0009955066004392042
*c1ncc(C(*)(*)*)c(NCc2cccnc2N(*)C)n1, 0.0009955066004392042
*c1cccnc1N(*)S(*)(=O)=O, 0.0009955066004392042
*CNc1nc(N*)ncc1C(*)(*)*, 0.0009955066004392042
*Cc1cccnc1N(*)S(C)(=O)=O, 0.0009955066004392042
*N(*)S(C)(=O)=O, 0.0009955066004392042
*CNc1nc(*)ncc1*, 0.0009955066004392042
*NCc1cccnc1N(C)S(*)(=O)=O, 0.0009955066004392042
*Nc1ncc(C(*)(F)F)c(N*)n1, 0.0009955066004392042
*c1ncc(C(*)(*)F)c(NCc2cccnc2N(*)*)n1, 0.0009955066004392042
*Nc1ncc(C(*)(F)F)c(*)n1, 0.0009955066004392042
*CNc1nc(N*)ncc1*, 0.0009955066004392042
*CNc1nc(N*)ncc1C(*)(*)F, 0.0009955066004392042
*NCc1cccnc1*, 0.0009955066004392042
*Nc1nc(*)ncc1C(*)(*)F, 0.0009955066004392042
*Nc1nc(*)ncc1C(*)(F)F, 0.0009955066004392042
*CNc1nc(N*)ncc1C(*)(F)F, 0.0009955066004392042
*Cc1cccnc1N(*)C, 0.0009955066004392042
*c1cccnc1N(*)*, 0.0009955066004392042
*Nc1ncc(C(*)(*)*)c(NCc2cccnc2N(*)*)n1, 0.0009955066004392042
*c1ncc(C(*)(F)F)c(*)n1, 0.0009955066004392042
*c1cccnc1N(C)S(C)(=O)=O, 0.0009955066004392042
*Nc1ncc(C(*)(*)*)c(NCc2cccnc2N(*)C)n1, 0.0009955066004392042
*Nc1ncc(*)c(NCc2cccnc2N(*)*)n1, 0.0009955066004392042
*c1ncc(C(*)(*)*)c(NCc2cccnc2N(*)*)n1, 0.0009955066004392042
*Nc1ncc(C(*)(*)F)c(*)n1, 0.0009955066004392042
*c1ncc(C(*)(*)F)c(NCc2cccnc2*)n1, 0.0009955066004392042
*Nc1ncc(C(*)(*)F)c(NCc2cccnc2N(*)*)n1, 0.0009955066004392042
*CNc1nc(*)ncc1C(*)(F)F, 0.0009955066004392042
*NCc1cccnc1N(*)S(*)(=O)=O, 0.0009955066004392042
*Nc1ncc(C(F)(F)F)c(*)n1, 0.0009955066004392042
*c1ncc(C(*)(*)*)c(*)n1, 0.0009955066004392042
*c1cccnc1*, 0.0009955066004392042
*NCc1cccnc1N(*)S(C)(=O)=O, 0.0009955066004392042
*Nc1ncc(C(*)(*)*)c(*)n1, 0.0009955066004392042
*c1ncc(C(*)(*)F)c(*)n1, 0.0009955066004392042
*c1cccnc1N(C)S(*)(=O)=O, 0.0009955066004392042
*N(*)S(*)(=O)=O, 0.0009955066004392042
*Nc1nc(*)ncc1C(F)(F)F, 0.0009955066004392042
*Nc1ncc(*)c(NCc2cccnc2N(*)C)n1, 0.0009955066004392042
*c1nc(Nc2ccc3c(c2)CC(=O)N3)ncc1C(*)(*)*, 0.0009955066004392042
*Nc1ncc(C(F)(F)F)c(N*)n1, 0.0009955066004392042
*S(C)(=O)=O, 0.0009955066004392042
*c1ncc(*)c(NCc2cccnc2N(*)C)n1, 0.0009955066004392042
*Nc1nc(*)ncc1C(*)(*)*, 0.0009955066004392042
*Cc1cccnc1N(C)S(C)(=O)=O, 0.0009955066004392042
*Cc1cccnc1N(*)*, 0.0009955066004392042
*Cc1cccnc1N(C)S(*)(=O)=O, 0.0009955066004392042
*Nc1ncc(C(*)(*)F)c(N*)n1, 0.0009955066004392042
*NC(=O)Nc1cc(C(C)(C)C)nn1*, 0.0009873428092970532
*c1cc(C(*)(C)C)nn1-c1ccc(C)cc1, 0.0009873428092970532
*C(=O)Nc1cc(C(*)(C)C)nn1*, 0.0009873428092970532
*C(=O)Nc1cc(C(*)(*)C)nn1-c1ccc(C)cc1, 0.0009873428092970532
*c1ccc(-n2nc(C(*)(*)C)cc2*)cc1, 0.0009873428092970532
*Nc1cc(*)nn1-c1ccc(C)cc1, 0.0009873428092970532
*NC(=O)Nc1cc(*)nn1-c1ccc(*)cc1, 0.0009873428092970532
*C(=O)Nc1cc(C(*)(*)C)nn1-c1ccc(*)cc1, 0.0009873428092970532
*c1cc(C(C)(C)C)nn1*, 0.0009873428092970532
*C(=O)Nc1cc(C(*)(*)*)nn1-c1ccc(*)cc1, 0.0009873428092970532
*Nc1cc(C(*)(*)*)nn1-c1ccc(*)cc1, 0.0009873428092970532
*c1cc(NC(=O)Nc2ccc(*)c3ccccc23)n(*)n1, 0.0009873428092970532
*C(=O)Nc1cc(*)nn1-c1ccc(*)cc1, 0.0009873428092970532
*C(=O)Nc1cc(*)nn1-c1ccc(C)cc1, 0.0009873428092970532
*Nc1cc(C(*)(C)C)nn1-c1ccc(*)cc1, 0.0009873428092970532
*C(=O)Nc1cc(C(C)(C)C)nn1-c1ccc(*)cc1, 0.0009873428092970532
*NC(=O)Nc1cc(C(*)(*)*)nn1-c1ccc(C)cc1, 0.0009873428092970532
*NC(=O)Nc1cc(C(*)(*)C)nn1-c1ccc(*)cc1, 0.0009873428092970532
*COc1ccc(*)c2ccccc12, 0.0009873428092970532
*C(=O)Nc1cc(C(*)(C)C)nn1-c1ccc(*)cc1, 0.0009873428092970532
*c1ccc(C)cc1, 0.0009873428092970532
*COc1ccc(NC(*)=O)c2ccccc12, 0.0009873428092970532
*NC(=O)Nc1cc(C(*)(*)C)nn1-c1ccc(C)cc1, 0.0009873428092970532
*NC(=O)Nc1cc(C(*)(*)*)nn1-c1ccc(*)cc1, 0.0009873428092970532
*c1cc(C(*)(*)C)nn1*, 0.0009873428092970532
*CCOc1ccc(NC(=O)N*)c2ccccc12, 0.0009873428092970532
*COc1ccc(N*)c2ccccc12, 0.0009873428092970532
*Nc1cc(C(C)(C)C)nn1-c1ccc(*)cc1, 0.0009873428092970532
*c1ccc(-n2nc(C(*)(*)*)cc2*)cc1, 0.0009873428092970532
*c1cc(C(*)(*)*)nn1-c1ccc(C)cc1, 0.0009873428092970532
*NC(=O)Nc1cc(C(*)(C)C)nn1-c1ccc(*)cc1, 0.0009873428092970532
*Nc1cc(C(*)(*)*)nn1-c1ccc(C)cc1, 0.0009873428092970532
*OCCN1CCOCC1, 0.0009873428092970532
*c1ccc(-n2nc(C(*)(C)C)cc2*)cc1, 0.0009873428092970532
*c1cc(*)n(*)n1, 0.0009873428092970532
*Oc1ccc(*)c2ccccc12, 0.0009873428092970532
*C(=O)Nc1cc(C(*)(*)*)nn1*, 0.0009873428092970532
*NC(=O)Nc1cc(*)nn1*, 0.0009873428092970532
*Nc1cc(C(*)(C)C)nn1*, 0.0009873428092970532
*COc1ccc(NC(=O)N*)c2ccccc12, 0.0009873428092970532
*c1cc(*)n(-c2ccc(C)cc2)n1, 0.0009873428092970532
*c1ccc(*)c2ccccc12, 0.0009873428092970532
*Nc1cc(C(*)(*)*)nn1*, 0.0009873428092970532
*c1cc(C(*)(*)C)nn1-c1ccc(C)cc1, 0.0009873428092970532
*CCOc1ccc(N*)c2ccccc12, 0.0009873428092970532
*NC(=O)Nc1cc(C(*)(C)C)nn1*, 0.0009873428092970532
*NC(=O)Nc1ccc(*)c2ccccc12, 0.0009873428092970532
*C(=O)Nc1ccc(*)c2ccccc12, 0.0009873428092970532
*Nc1ccc(*)c2ccccc12, 0.0009873428092970532
*Nc1cc(C(C)(C)C)nn1-c1ccc(C)cc1, 0.0009873428092970532
*C(=O)Nc1cc(C(*)(*)C)nn1*, 0.0009873428092970532
*c1ccc(-n2nc(C(C)(C)C)cc2*)cc1, 0.0009873428092970532
*C(=O)Nc1cc(*)nn1*, 0.0009873428092970532
*Nc1cc(C(*)(*)C)nn1-c1ccc(*)cc1, 0.0009873428092970532
*c1ccc(-n2nc(*)cc2*)cc1, 0.0009873428092970532
*Nc1cc(C(C)(C)C)nn1*, 0.0009873428092970532
*C(=O)Nc1cc(C(C)(C)C)nn1*, 0.0009873428092970532
*NC(=O)Nc1cc(C(*)(*)*)nn1*, 0.0009873428092970532
*Nc1ccc(O*)c2ccccc12, 0.0009873428092970532
*Nc1cc(*)nn1-c1ccc(*)cc1, 0.0009873428092970532
*C(=O)Nc1cc(C(*)(*)*)nn1-c1ccc(C)cc1, 0.0009873428092970532
*C(=O)Nc1cc(C(*)(C)C)nn1-c1ccc(C)cc1, 0.0009873428092970532
*NC(=O)Nc1ccc(O*)c2ccccc12, 0.0009873428092970532
*CCOc1ccc(NC(*)=O)c2ccccc12, 0.0009873428092970532
*NC(=O)Nc1cc(*)nn1-c1ccc(C)cc1, 0.0009873428092970532
*c1cc(C(*)(*)*)nn1*, 0.0009873428092970532
*c1cc(C(C)(C)C)nn1-c1ccc(C)cc1, 0.0009873428092970532
*CCOc1ccc(*)c2ccccc12, 0.0009873428092970532
*NC(=O)Nc1cc(C(*)(*)C)nn1*, 0.0009873428092970532
*Nc1cc(C(*)(*)C)nn1-c1ccc(C)cc1, 0.0009873428092970532
*c1cc(C(*)(C)C)nn1*, 0.0009873428092970532
*Nc1cc(C(*)(*)C)nn1*, 0.0009873428092970532
*Nc1cc(*)nn1*, 0.0009873428092970532
*Oc1ccc(NC(*)=O)c2ccccc12, 0.0009873428092970532
*Nc1cc(C(*)(C)C)nn1-c1ccc(C)cc1, 0.0009873428092970532
*NC[C@H](O)CN1CCOCC1, 0.0009849041980416226
*c1[nH]c(C)c(*)c1C, 0.0009849041980416226
*c1[nH]c(C)c(*)c1*, 0.0009849041980416226
*CNC(=O)c1c(*)[nH]c(*)c1C, 0.0009849041980416226
*c1[nH]c(*)c(C(=O)NC[C@@H](*)O)c1*, 0.0009849041980416226
*C[C@@H](O)CNC(=O)c1c(C)[nH]c(*)c1*, 0.0009849041980416226
*C(=O)NCC(*)*, 0.0009849041980416226
*CNC(=O)c1c(C)[nH]c(*)c1C, 0.0009849041980416226
*C[C@H](O)CN1CCOCC1, 0.0009849041980416226
*C[C@@H](*)CNC(*)=O, 0.0009849041980416226
*/C=C1\C(=O)Nc2ccc(F)cc21, 0.0009849041980416226
*C(=O)c1c(C)[nH]c(*)c1*, 0.0009849041980416226
*C[C@@H](O)CNC(=O)c1c(*)[nH]c(*)c1C, 0.0009849041980416226
*c1ccc2c(c1)/C(=C/c1[nH]c(*)c(*)c1*)C(=O)N2, 0.0009849041980416226
*C(=O)c1c(*)[nH]c(*)c1*, 0.0009849041980416226
*c1[nH]c(*)c(C(=O)NC[C@@H](*)O)c1C, 0.0009849041980416226
*NC[C@H](*)CN1CCOCC1, 0.0009849041980416226
*[C@H](O)CN1CCOCC1, 0.0009849041980416226
*NC[C@@H](*)O, 0.0009849041980416226
*CNC(=O)c1c(*)[nH]c(*)c1*, 0.0009849041980416226
*C[C@@H](O)CNC(*)=O, 0.0009849041980416226
*c1[nH]c(C)c(C(=O)NC[C@H](*)CN2CCOCC2)c1*, 0.0009849041980416226
*NCC(*)*, 0.0009849041980416226
*c1[nH]c(C)c(C(=O)NC[C@@H](*)O)c1*, 0.0009849041980416226
*C[C@@H](*)CNC(=O)c1c(*)[nH]c(*)c1*, 0.0009849041980416226
*C(=O)NC[C@H](*)CN1CCOCC1, 0.0009849041980416226
*c1c(C)[nH]c(/C=C2\C(=O)Nc3ccc(F)cc32)c1*, 0.0009849041980416226
*C[C@@H](*)CN*, 0.0009849041980416226
*NC(=O)c1c(C)[nH]c(*)c1C, 0.0009849041980416226
*CNC(*)=O, 0.0009849041980416226
*C[C@@H](*)CNC(=O)c1c(C)[nH]c(*)c1C, 0.0009849041980416226
*c1[nH]c(/C=C2\C(=O)Nc3ccc(F)cc32)c(*)c1*, 0.0009849041980416226
*C(=O)c1c(C)[nH]c(*)c1C, 0.0009849041980416226
*C(=O)c1c(*)[nH]c(/C=C2\C(=O)Nc3ccc(*)cc32)c1*, 0.0009849041980416226
*C[C@H](*)O, 0.0009849041980416226
*c1ccc2c(c1)/C(=C/c1[nH]c(C)c(*)c1*)C(=O)N2, 0.0009849041980416226
*NC(=O)c1c(*)[nH]c(/C=C2\C(=O)Nc3ccc(*)cc32)c1*, 0.0009849041980416226
*c1[nH]c(*)c(C(=O)NC[C@H](*)CN2CCOCC2)c1C, 0.0009849041980416226
*NC(=O)c1c(C)[nH]c(*)c1*, 0.0009849041980416226
*c1[nH]c(*)c(C(=O)NC[C@H](*)CN2CCOCC2)c1*, 0.0009849041980416226
*c1[nH]c(*)c(C)c1*, 0.0009849041980416226
*C[C@H](*)CN1CCOCC1, 0.0009849041980416226
*C[C@@H](O)CNC(=O)c1c(C)[nH]c(*)c1C, 0.0009849041980416226
*C(*)CN1CCOCC1, 0.0009849041980416226
*c1[nH]c(/C=C2\C(=O)Nc3ccc(F)cc32)c(C)c1*, 0.0009849041980416226
*C(=O)c1c(*)[nH]c(*)c1C, 0.0009849041980416226
*c1[nH]c(C)c(C(=O)NCC(*)*)c1*, 0.0009849041980416226
*C(=O)NC[C@@H](*)O, 0.0009849041980416226
*NC(=O)c1c(*)[nH]c(*)c1*, 0.0009849041980416226
*c1ccc2c(c1)/C(=C/c1[nH]c(C)c(*)c1C)C(=O)N2, 0.0009849041980416226
*C(=O)NC[C@H](O)CN1CCOCC1, 0.0009849041980416226
*C[C@@H](*)CNC(=O)c1c(*)[nH]c(*)c1C, 0.0009849041980416226
*C[C@@H](*)O, 0.0009849041980416226
*C[C@@H](O)CNC(=O)c1c(*)[nH]c(*)c1*, 0.0009849041980416226
*c1[nH]c(*)c(C(=O)NCC(*)*)c1C, 0.0009849041980416226
*c1[nH]c(*)c(C(=O)NCC(*)*)c1*, 0.0009849041980416226
*NC(=O)c1c(*)[nH]c(*)c1C, 0.0009849041980416226
*c1ccc2c(c1)/C(=C/c1[nH]c(*)c(*)c1C)C(=O)N2, 0.0009849041980416226
*C(=O)c1c(*)[nH]c(/C=C2\C(=O)Nc3ccc(*)cc32)c1C, 0.0009849041980416226
*c1[nH]c(C)c(C(=O)NCC(*)*)c1C, 0.0009849041980416226
*C[C@@H](*)CNC(=O)c1c(C)[nH]c(*)c1*, 0.0009849041980416226
*CNC(=O)c1c(C)[nH]c(*)c1*, 0.0009849041980416226
*C[C@@H](O)CN*, 0.0009849041980416226
*c1[nH]c(*)c(*)c1*, 0.0009849041980416226
*C(=O)c1c(C)[nH]c(/C=C2\C(=O)Nc3ccc(*)cc32)c1*, 0.0009849041980416226
*c1[nH]c(C)c(C(=O)NC[C@@H](*)O)c1C, 0.0009849041980416226
*C=C1C(=O)Nc2ccc(F)cc21, 0.0009849041980416226
*/C=C1\C(=O)Nc2ccc(S(*)(=O)=O)cc21, 0.0009718228351060096
*C=C1C(=O)Nc2ccc(S(*)(=O)=O)cc21, 0.0009718228351060096
*C(=O)Nc1ccc(*)c(C(*)(F)F)c1, 0.0009500658693774636
*Nc1ccc(*)c(C(*)(*)*)c1, 0.0009500658693774636
*NC(=O)Nc1ccc(Cl)c(C(F)(F)F)c1, 0.0009500658693774636
*C(=O)Nc1ccc(*)c(C(F)(F)F)c1, 0.0009500658693774636
*C(=O)Nc1ccc(*)c(C(*)(*)F)c1, 0.0009500658693774636
*C(=O)NC, 0.0009500658693774636
*NC(=O)Nc1ccc(*)c(C(*)(F)F)c1, 0.0009500658693774636
*c1ccc(Cl)c(C(*)(*)*)c1, 0.0009500658693774636
*NC(=O)c1cc(Oc2ccc(N*)cc2)ccn1, 0.0009500658693774636
*C(=O)Nc1ccc(Cl)c(C(*)(*)*)c1, 0.0009500658693774636
*NC(=O)Nc1ccc(Cl)c(C(*)(*)*)c1, 0.0009500658693774636
*c1ccnc(*)c1, 0.0009500658693774636
*Oc1ccc(NC(=O)Nc2ccc(*)c(*)c2)cc1, 0.0009500658693774636
*c1ccc(Oc2ccnc(*)c2)cc1, 0.0009500658693774636
*Oc1ccnc(*)c1, 0.0009500658693774636
*C(=O)c1cc(*)ccn1, 0.0009500658693774636
*Oc1ccnc(C(=O)NC)c1, 0.0009500658693774636
*NC(=O)Nc1ccc(O*)cc1, 0.0009500658693774636
*c1ccc(NC(=O)Nc2ccc(Cl)c(*)c2)cc1, 0.0009500658693774636
*c1ccc(Cl)c(C(F)(F)F)c1, 0.0009500658693774636
*NC(=O)Nc1ccc(*)c(C(*)(*)*)c1, 0.0009500658693774636
*C(=O)Nc1ccc(Oc2ccnc(*)c2)cc1, 0.0009500658693774636
*NC(=O)c1cc(*)ccn1, 0.0009500658693774636
*NC(=O)Nc1ccc(*)c(*)c1, 0.0009500658693774636
*Nc1ccc(Oc2ccnc(*)c2)cc1, 0.0009500658693774636
*Nc1ccc(*)c(C(*)(*)F)c1, 0.0009500658693774636
*C(=O)Nc1ccc(*)c(C(*)(*)*)c1, 0.0009500658693774636
*c1ccc(Cl)c(C(*)(*)F)c1, 0.0009500658693774636
*NC(=O)Nc1ccc(Cl)c(C(*)(F)F)c1, 0.0009500658693774636
*c1ccc(*)c(C(*)(*)*)c1, 0.0009500658693774636
*C(=O)Nc1ccc(Cl)c(C(*)(F)F)c1, 0.0009500658693774636
*c1ccc(*)c(C(F)(F)F)c1, 0.0009500658693774636
*Nc1ccc(Oc2ccnc(C(*)=O)c2)cc1, 0.0009500658693774636
*Nc1ccc(*)c(C(*)(F)F)c1, 0.0009500658693774636
*C(=O)c1cc(Oc2ccc(*)cc2)ccn1, 0.0009500658693774636
*c1ccc(NC(=O)Nc2ccc(*)c(*)c2)cc1, 0.0009500658693774636
*Oc1ccc(NC(=O)Nc2ccc(*)c(C(*)(*)*)c2)cc1, 0.0009500658693774636
*Nc1ccc(Cl)c(C(*)(*)*)c1, 0.0009500658693774636
*Nc1ccc(Cl)c(C(F)(F)F)c1, 0.0009500658693774636
*Nc1ccc(Cl)c(*)c1, 0.0009500658693774636
*Nc1ccc(*)c(C(F)(F)F)c1, 0.0009500658693774636
*Oc1ccnc(C(*)=O)c1, 0.0009500658693774636
*NC(=O)Nc1ccc(Cl)c(C(*)(*)F)c1, 0.0009500658693774636
*Nc1ccc(Cl)c(C(*)(*)F)c1, 0.0009500658693774636
*c1ccc(Cl)c(C(*)(F)F)c1, 0.0009500658693774636
*c1ccc(NC(=O)Nc2ccc(*)c(C(*)(*)*)c2)cc1, 0.0009500658693774636
*c1ccc(NC(=O)Nc2ccc(*)c(C(*)(*)F)c2)cc1, 0.0009500658693774636
*c1ccc(*)c(C(*)(F)F)c1, 0.0009500658693774636
*C(=O)Nc1ccc(Cl)c(*)c1, 0.0009500658693774636
*NC(=O)Nc1ccc(Cl)c(*)c1, 0.0009500658693774636
*NC(=O)Nc1ccc(*)cc1, 0.0009500658693774636
*C(=O)Nc1ccc(Oc2ccnc(C(*)=O)c2)cc1, 0.0009500658693774636
*Nc1ccc(Cl)c(C(*)(F)F)c1, 0.0009500658693774636
*Nc1ccc(Oc2ccnc(C(=O)NC)c2)cc1, 0.0009500658693774636
*C(=O)Nc1ccc(Cl)c(C(F)(F)F)c1, 0.0009500658693774636
*c1ccc(Oc2ccnc(C(=O)NC)c2)cc1, 0.0009500658693774636
*c1ccnc(C(=O)NC)c1, 0.0009500658693774636
*NC(=O)c1cc(Oc2ccc(*)cc2)ccn1, 0.0009500658693774636
*NC(=O)Nc1ccc(*)c(C(*)(*)F)c1, 0.0009500658693774636
*c1ccc(*)c(C(*)(*)F)c1, 0.0009500658693774636
*NC(=O)Nc1ccc(Oc2ccnc(*)c2)cc1, 0.0009500658693774636
*C(=O)Nc1ccc(Cl)c(C(*)(*)F)c1, 0.0009500658693774636
*NC(=O)c1cc(O*)ccn1, 0.0009500658693774636
*NC(=O)Nc1ccc(*)c(C(F)(F)F)c1, 0.0009500658693774636
*c1cccc(S(=O)(=O)NC(*)(*)*)c1, 0.0009046746308213083
*Nc1nc(Nc2ccc(O*)cc2)ncc1C, 0.0009046746308213083
*Nc1cccc(S(*)(=O)=O)c1, 0.0009046746308213083
*Nc1cccc(S(=O)(=O)NC(*)(C)C)c1, 0.0009046746308213083
*CCOc1ccc(Nc2ncc(C)c(N*)n2)cc1, 0.0009046746308213083
*c1cccc(S(=O)(=O)NC(*)(*)C)c1, 0.0009046746308213083
*COc1ccc(Nc2ncc(*)c(N*)n2)cc1, 0.0009046746308213083
*COc1ccc(Nc2ncc(*)c(*)n2)cc1, 0.0009046746308213083
*NC(*)(*)*, 0.0009046746308213083
*Nc1ccc(OCCN2CCCC2)cc1, 0.0009046746308213083
*CCOc1ccc(N*)cc1, 0.0009046746308213083
*Nc1ncc(C)c(N*)n1, 0.0009046746308213083
*Nc1nc(Nc2ccc(*)cc2)ncc1C, 0.0009046746308213083
*Nc1cccc(S(=O)(=O)NC(C)(C)C)c1, 0.0009046746308213083
*c1ccc(Nc2ncc(*)c(*)n2)cc1, 0.0009046746308213083
*Nc1cccc(S(=O)(=O)NC(*)(*)C)c1, 0.0009046746308213083
*CCOc1ccc(Nc2ncc(C)c(*)n2)cc1, 0.0009046746308213083
*c1cccc(S(*)(=O)=O)c1, 0.0009046746308213083
*c1ccc(OCCN2CCCC2)cc1, 0.0009046746308213083
*Nc1ncc(C)c(*)n1, 0.0009046746308213083
*c1ncc(*)c(Nc2cccc(S(*)(=O)=O)c2)n1, 0.0009046746308213083
*S(=O)(=O)NC(C)(C)C, 0.0009046746308213083
*CCOc1ccc(*)cc1, 0.0009046746308213083
*Nc1cccc(S(=O)(=O)N*)c1, 0.0009046746308213083
*C(*)(*)NS(*)(=O)=O, 0.0009046746308213083
*NC(*)(*)C, 0.0009046746308213083
*NS(=O)(=O)c1cccc(Nc2nc(*)ncc2*)c1, 0.0009046746308213083
*NS(=O)(=O)c1cccc(*)c1, 0.0009046746308213083
*Nc1nc(Nc2ccc(*)cc2)ncc1*, 0.0009046746308213083
*c1ccc(Nc2ncc(C)c(*)n2)cc1, 0.0009046746308213083
*Nc1ncc(*)c(Nc2cccc(*)c2)n1, 0.0009046746308213083
*N1CCCC1, 0.0009046746308213083
*Nc1nc(Nc2ccc(O*)cc2)ncc1*, 0.0009046746308213083
*Nc1nc(*)ncc1C, 0.0009046746308213083
*Oc1ccc(Nc2ncc(C)c(*)n2)cc1, 0.0009046746308213083
*Nc1ncc(C)c(Nc2cccc(*)c2)n1, 0.0009046746308213083
*OCCN1CCCC1, 0.0009046746308213083
*NC(C)(C)C, 0.0009046746308213083
*COc1ccc(Nc2ncc(C)c(*)n2)cc1, 0.0009046746308213083
*CCN1CCCC1, 0.0009046746308213083
*Nc1ncc(*)c(Nc2cccc(S(*)(=O)=O)c2)n1, 0.0009046746308213083
*CCOc1ccc(Nc2ncc(*)c(*)n2)cc1, 0.0009046746308213083
*Nc1cccc(S(=O)(=O)NC(*)(*)*)c1, 0.0009046746308213083
*c1cccc(Nc2nc(*)ncc2*)c1, 0.0009046746308213082
*C(*)(C)NS(*)(=O)=O, 0.0009046746308213082
*C(C)(C)NS(*)(=O)=O, 0.0009046746308213082
*Oc1ccc(Nc2ncc(*)c(*)n2)cc1, 0.0009046746308213082
*COc1ccc(Nc2ncc(C)c(N*)n2)cc1, 0.0009046746308213082
*CCOc1ccc(Nc2ncc(*)c(N*)n2)cc1, 0.0009046746308213082
*c1cccc(S(=O)(=O)NC(C)(C)C)c1, 0.0009046746308213082
*c1cccc(Nc2nc(*)ncc2C)c1, 0.0009046746308213082
*c1cccc(S(=O)(=O)NC(*)(C)C)c1, 0.0009046746308213082
*NC(*)(C)C, 0.0009046746308213082
*c1ncc(C)c(Nc2cccc(S(*)(=O)=O)c2)n1, 0.0009046746308213082
*CN1CCCC1, 0.0009046746308213082
*c1ncc(C)c(*)n1, 0.0009046746308213082
*C(=O)N1CCN(*)CC1, 0.0008288117705087124
*c1ccc(OC(*)C)cc1, 0.0008288117705087124
*OC(C)C, 0.0008288117705087124
*C(=O)Nc1ccc(OC(*)C)cc1, 0.0008288117705087124
*c1cc2ncnc(N3CCN(*)CC3)c2cc1OC, 0.0008288117705087124
*CCCOc1cc2ncnc(*)c2cc1O*, 0.0008288117705087124
*NC(=O)N1CCN(*)CC1, 0.0008288117705087124
*CCCOc1cc2ncnc(*)c2cc1*, 0.0008288117705087124
*COc1cc2ncnc(*)c2cc1OC, 0.0008288117705087124
*CCN1CCCCC1, 0.0008288117705087124
*CCOc1cc2ncnc(*)c2cc1OC, 0.0008288117705087124
*CCOc1cc2ncnc(*)c2cc1O*, 0.0008288117705087124
*Oc1cc2ncnc(*)c2cc1O*, 0.0008288117705087124
*OC(*)*, 0.0008288117705087124
*Oc1ccc(NC(=O)N2CCN(*)CC2)cc1, 0.0008288117705087124
*OCCCN1CCCCC1, 0.0008288117705087124
*Oc1cc2c(N3CCN(*)CC3)ncnc2cc1*, 0.0008288117705087124
*Oc1cc2ncnc(N3CCN(*)CC3)c2cc1O*, 0.0008288117705087124
*c1cc2ncnc(N3CCN(*)CC3)c2cc1*, 0.0008288117705087124
*c1cc2ncnc(*)c2cc1*, 0.0008288117705087124
*Nc1ccc(OC(C)C)cc1, 0.0008288117705087124
*Nc1ccc(OC(*)*)cc1, 0.0008288117705087124
*Oc1cc2ncnc(*)c2cc1*, 0.0008288117705087124
*c1ccc(OC(C)C)cc1, 0.0008288117705087124
*C(=O)Nc1ccc(OC(C)C)cc1, 0.0008288117705087124
*COc1cc2ncnc(*)c2cc1O*, 0.0008288117705087124
*COc1cc2ncnc(*)c2cc1*, 0.0008288117705087124
*c1ccc(OC(*)*)cc1, 0.0008288117705087124
*Oc1cc2ncnc(*)c2cc1OC, 0.0008288117705087124
*C(C)Oc1ccc(NC(=O)N2CCN(*)CC2)cc1, 0.0008288117705087124
*CCOc1cc2ncnc(*)c2cc1*, 0.0008288117705087124
*c1ccc(NC(=O)N2CCN(*)CC2)cc1, 0.0008288117705087124
*Oc1cc2c(*)ncnc2cc1*, 0.0008288117705087124
*OC(*)C, 0.0008288117705087124
*CN1CCCCC1, 0.0008288117705087124
*CCCN1CCCCC1, 0.0008288117705087124
*N1CCCCC1, 0.0008288117705087124
*C(=O)N1CCN(c2ncnc3cc(*)c(*)cc23)CC1, 0.0008288117705087124
*Oc1cc2ncnc(N3CCN(*)CC3)c2cc1*, 0.0008288117705087124
*Nc1ccc(OC(*)C)cc1, 0.0008288117705087124
*c1cc2ncnc(*)c2cc1OC, 0.0008288117705087124
*CCCOc1cc2ncnc(*)c2cc1OC, 0.0008288117705087124
*C(*)Oc1ccc(NC(=O)N2CCN(*)CC2)cc1, 0.0008288117705087124
*COc1cc2ncnc(N3CCN(*)CC3)c2cc1*, 0.0008288117705087124
*C(=O)Nc1ccc(OC(*)*)cc1, 0.0008288117705087124
*OCC(=O)Nc1ccc(OC(*)(*)*)cc1, 0.0007639178739258359
*CC(=O)Nc1ccc(OC(*)(*)F)cc1, 0.0007639178739258359
*C(=O)Nc1ccc(OC(*)(*)F)cc1, 0.0007639178739258359
*C(=O)Nc1ccc(OC(*)(F)F)cc1, 0.0007639178739258359
*OCC(=O)Nc1ccc(O*)cc1, 0.0007639178739258359
*CC(=O)Nc1ccc(OC(*)(F)F)cc1, 0.0007639178739258358
*c1ccc(OC(*)(*)F)cc1, 0.0007639178739258358
*C(=O)OCC(=O)Nc1ccc(OC(*)(*)*)cc1, 0.0007639178739258358
*c1ccc(OC(*)(F)F)cc1, 0.0007639178739258358
*OC(*)(F)F, 0.0007639178739258358
*Nc1ccc(OC(F)(F)F)cc1, 0.0007639178739258358
*CC(=O)Nc1ccc(O*)cc1, 0.0007639178739258358
*C(=O)Nc1ccc(OC(*)(*)*)cc1, 0.0007639178739258358
*OCC(=O)Nc1ccc(OC(*)(F)F)cc1, 0.0007639178739258358
*Nc1ccc(OC(*)(*)*)cc1, 0.0007639178739258358
*OC(F)(F)F, 0.0007639178739258358
*C(=O)OCC(=O)Nc1ccc(OC(*)(F)F)cc1, 0.0007639178739258358
*C(=O)Nc1ccc(OC(F)(F)F)cc1, 0.0007639178739258358
*C(=O)OCC(=O)Nc1ccc(OC(*)(*)F)cc1, 0.0007639178739258358
*OC(*)(*)*, 0.0007639178739258358
*CC(=O)Nc1ccc(OC(F)(F)F)cc1, 0.0007639178739258358
*c1ccc(OC(F)(F)F)cc1, 0.0007639178739258358
*Nc1ccc(OC(*)(F)F)cc1, 0.0007639178739258358
*CC(=O)Nc1ccc(OC(*)(*)*)cc1, 0.0007639178739258358
*Nc1ccc(OC(*)(*)F)cc1, 0.0007639178739258358
*OC(*)(*)F, 0.0007639178739258358
*OCC(=O)Nc1ccc(OC(F)(F)F)cc1, 0.0007639178739258358
*c1ccc(OC(*)(*)*)cc1, 0.0007639178739258358
*OCC(=O)Nc1ccc(OC(*)(*)F)cc1, 0.0007639178739258358
*Oc1ccc(NC(=O)COC(*)=O)cc1, 0.0007639178739258358
*c1cnn(*)c1, 0.0007178100127350267
*C(*)CC#N, 0.0007178100127350267
*C[C@H](*)n1cc(-c2ncnc3[nH]ccc23)cn1, 0.0007178100127350267
*C[C@H](C1CCCC1)n1cc(*)cn1, 0.0007178100127350267
*C[C@H](*)n1cc(*)cn1, 0.0007178100127350267
*c1cnn([C@H](CC#N)C2CCCC2)c1, 0.0007178100127350267
*C(*)n1cc(-c2ncnc3[nH]ccc23)cn1, 0.0007178100127350267
*C[C@@H](*)C1CCCC1, 0.0007178100127350267
*c1cnn(C(*)*)c1, 0.0007178100127350267
*c1ncnc2[nH]ccc12, 0.0007178100127350267
*C#N, 0.0007178100127350267
*c1cnn([C@H](*)C2CCCC2)c1, 0.0007178100127350267
*CC#N, 0.0007178100127350267
*[C@H](CC#N)C1CCCC1, 0.0007178100127350267
*c1cnn([C@@H](*)CC#N)c1, 0.0007178100127350267
*n1cc(-c2ncnc3[nH]ccc23)cn1, 0.0007178100127350267
*[C@@H](CC#N)n1cc(-c2ncnc3[nH]ccc23)cn1, 0.0007178100127350267
*C(*)C1CCCC1, 0.0007178100127350267
*/C=C1\C(=O)Nc2ccc(S(N)(=O)=O)cc21, 0.0007017994334206589
*S(N)(=O)=O, 0.0007017994334206588
*C=C1C(=O)Nc2ccc(S(N)(=O)=O)cc21, 0.0007017994334206588
*c1ccc(C(*)(*)C)cc1, 0.000687390149711644
*C(=O)OCC(=O)Nc1ccc(C(*)(*)C)cc1, 0.000687390149711644
*OCC(=O)Nc1ccc(C(*)(C)C)cc1, 0.000687390149711644
*CC(=O)Nc1ccc(C(*)(C)C)cc1, 0.000687390149711644
*CC(=O)Nc1ccc(C(*)(*)*)cc1, 0.000687390149711644
*c1ccc(C(*)(*)*)cc1, 0.000687390149711644
*OCC(=O)Nc1ccc(C(*)(*)C)cc1, 0.000687390149711644
*C(=O)Nc1ccc(C(C)(C)C)cc1, 0.000687390149711644
*c1ccc(C(C)(C)C)cc1, 0.000687390149711644
*OCC(=O)Nc1ccc(C(*)(*)*)cc1, 0.000687390149711644
*C(=O)OCC(=O)Nc1ccc(C(*)(*)*)cc1, 0.000687390149711644
*C(=O)Nc1ccc(C(*)(*)*)cc1, 0.000687390149711644
*C(=O)Nc1ccc(C(*)(*)C)cc1, 0.000687390149711644
*CC(=O)Nc1ccc(C(C)(C)C)cc1, 0.0006873901497116439
*C(=O)OCC(=O)Nc1ccc(C(*)(C)C)cc1, 0.0006873901497116439
*Nc1ccc(C(*)(*)C)cc1, 0.0006873901497116439
*CC(=O)Nc1ccc(C(*)(*)C)cc1, 0.0006873901497116439
*C(=O)Nc1ccc(C(*)(C)C)cc1, 0.0006873901497116439
*c1ccc(C(*)(C)C)cc1, 0.0006873901497116439
*Nc1ccc(C(C)(C)C)cc1, 0.0006873901497116439
*C(=O)OCC(=O)Nc1ccc(C(C)(C)C)cc1, 0.0006873901497116439
*OCC(=O)Nc1ccc(C(C)(C)C)cc1, 0.0006873901497116439
*Nc1ccc(C(*)(*)*)cc1, 0.0006873901497116439
*Nc1ccc(C(*)(C)C)cc1, 0.0006873901497116439
*Cc1cc(*)ccc1C(*)(*)F, 0.0006530176540894056
*Cc1cc(Cl)ccc1*, 0.0006530176540894056
*Cc1cc(Cl)ccc1C(*)(*)F, 0.0006530176540894056
*c1cc(Cl)ccc1C(*)(*)F, 0.0006530176540894055
*c1ccc(C(*)(*)*)c(CN2CCNc3ncc(*)cc32)c1, 0.0006530176540894055
*c1ccc(C(*)(F)F)c(*)c1, 0.0006530176540894055
*Cc1cc(*)ccc1C(*)(*)*, 0.0006530176540894055
*c1ccc(C(*)(*)*)c(*)c1, 0.0006530176540894055
*c1cc(Cl)ccc1C(*)(F)F, 0.0006530176540894055
*Cc1cc(*)ccc1C(F)(F)F, 0.0006530176540894055
*Cc1cc(Cl)ccc1C(F)(F)F, 0.0006530176540894055
*c1ccc(*)c(CN2CCNc3ncc(*)cc32)c1, 0.0006530176540894055
*Cc1cc(Cl)ccc1C(*)(*)*, 0.0006530176540894055
*Cc1cc(*)ccc1C(*)(F)F, 0.0006530176540894055
*Cc1cc(*)ccc1*, 0.0006530176540894055
*c1ccc(C(*)(*)F)c(*)c1, 0.0006530176540894055
*c1cc(Cl)ccc1C(*)(*)*, 0.0006530176540894055
*Cc1cc(Cl)ccc1C(*)(F)F, 0.0006530176540894055
*c1cc(Cl)ccc1C(F)(F)F, 0.0006530176540894055
*c1ccc(C(F)(F)F)c(*)c1, 0.0006530176540894055
*c1ccc2c(c1)c(*)cn2*, 0.0006336353913071014
*c1cn(*)c2ccc(OC)cc12, 0.0006336353913071014
*Oc1ccc2c(c1)c(*)cn2*, 0.0006336353913071014
*c1ccc2c(c1)c(*)cn2C, 0.0006336353913071014
*Oc1ccc2c(c1)c(*)cn2C, 0.0006336353913071014
*c1cn(C)c2ccc(OC)cc12, 0.0006336353913071014
*Cc1c(F)ccc(F)c1Cl, 0.000623102522157777
*c1ccc(F)c(Cl)c1*, 0.000623102522157777
*Cc1c(*)ccc(F)c1Cl, 0.000623102522157777
*Cc1c(*)ccc(*)c1*, 0.000623102522157777
*Cc1c(*)ccc(*)c1Cl, 0.000623102522157777
*Cc1c(F)ccc(F)c1*, 0.000623102522157777
*c1cnc2c(c1)N(Cc1c(*)ccc(F)c1*)CCN2, 0.000623102522157777
*c1c(F)ccc(F)c1Cl, 0.000623102522157777
*c1ccc(F)c(*)c1Cl, 0.000623102522157777
*c1ccc(F)c(*)c1*, 0.000623102522157777
*c1ccc(*)c(Cl)c1*, 0.000623102522157777
*c1cnc2c(c1)N(Cc1c(*)ccc(*)c1*)CCN2, 0.000623102522157777
*c1cnc2c(c1)N(Cc1c(F)ccc(*)c1*)CCN2, 0.000623102522157777
*c1c(F)ccc(F)c1*, 0.000623102522157777
*c1ccc(*)c(*)c1*, 0.000623102522157777
*Cc1c(*)ccc(F)c1*, 0.000623102522157777
*Cc1c(F)ccc(*)c1*, 0.000623102522157777
*Cc1c(F)ccc(*)c1Cl, 0.000623102522157777
*c1nn(C(C)C)c2ncnc(N)c12, 0.0005494605783819815
*c1nn(C(*)C)c2ncnc(N)c12, 0.0005494605783819815
*c1ccc2[nH]c(-c3nn(*)c4ncnc(*)c34)cc2c1, 0.0005494605783819815
*c1ncnc2c1c(*)nn2C(*)*, 0.0005494605783819815
*c1ccc2[nH]c(*)cc2c1, 0.0005494605783819815
*c1ccc2[nH]c(-c3nn(*)c4ncnc(N)c34)cc2c1, 0.0005494605783819815
*c1nn(C(*)*)c2ncnc(N)c12, 0.0005494605783819815
*c1ncnc2c1c(*)nn2C(*)C, 0.0005494605783819815
*c1ncnc2c1c(*)nn2C(C)C, 0.0005494605783819815
*c1ncnc2c1c(*)nn2*, 0.0005494605783819815
*c1cc2cc(O)ccc2[nH]1, 0.0005494605783819815
*c1ccc2[nH]c(-c3nn(C(*)*)c4ncnc(*)c34)cc2c1, 0.0005494605783819815
*c1ncnc2c1c(-c1cc3cc(O)ccc3[nH]1)nn2*, 0.0005494605783819815
*c1nn(*)c2ncnc(N)c12, 0.0005494605783819815
*c1cccc(O)c1, 0.0005237999913707682
*c1cn(*)c2ncnc(N)c12, 0.0005237999913707682
*n1cc(-c2cccc(O)c2)c2c(N)ncnc21, 0.0005237999913707682
*c1ncnc2c1c(-c1cccc(O)c1)cn2*, 0.0005237999913707682
*c1cn(*)c2ncnc(*)c12, 0.0005237999913707682
*c1cn(C2CCCC2)c2ncnc(*)c12, 0.0005237999913707682
*c1cccc(-c2cn(*)c3ncnc(*)c23)c1, 0.0005237999913707682
*c1cccc(-c2cn(*)c3ncnc(N)c23)c1, 0.0005237999913707682
*c1cn(C2CCCC2)c2ncnc(N)c12, 0.0005237999913707682
*/C=C1\C(=O)Nc2ccc(S(=O)(=O)N*)cc21, 0.0004256748764126571
*/C=C1\C(=O)Nc2ccc(S(=O)(=O)NC)cc21, 0.0004256748764126571
*S(=O)(=O)NC, 0.0004256748764126571
*C=C1C(=O)Nc2ccc(S(=O)(=O)NC)cc21, 0.0004256748764126571
*C=C1C(=O)Nc2ccc(S(=O)(=O)N*)cc21, 0.0004256748764126571
*c1cn(C)c2ccccc12, 0.0004007899463912984
*c1cn(*)c2ccccc12, 0.0004007899463912984
*NC(=O)Nc1cccc(*)c1, 0.00037324594395251643
*c1cccc(C)c1, 0.00037324594395251643
*c1ccc2c(c1)CCc1sc3ncnc(*)c3c1-2, 0.00037324594395251643
*NC(=O)Nc1cccc(C)c1, 0.00037324594395251643
*C(=O)Nc1cccc(C)c1, 0.00037324594395251643
*C(=O)Nc1cccc(*)c1, 0.00037324594395251643
*Nc1cccc(C)c1, 0.00037324594395251643
*Oc1ccc2[nH]cc(*)c2c1, 0.0003380818244943657
*c1ccc2[nH]cc(*)c2c1, 0.0003380818244943657
*c1c[nH]c2ccc(OC)cc12, 0.0003380818244943657
*N=C1c2ccccc2-n2c1nc1ccccc1c2=O, 0.00030456677108275677
*/N=C1\c2ccccc2-n2c1nc1ccccc1c2=O, 0.00030456677108275677
*C=C1C(=O)Nc2cccnc21, 0.0002203123278336766
*c1c2ccccc2c2c3c(cccc13)N=N2, 0.00017505200263188362
